province,year,category,batch,control_score,score,score_range,segment_count,cumulative_count,rank_range
河南,2024,理科,本科一批,511,709.0,709-750,10,10,1-10
河南,2024,理科,本科一批,511,708.0,708,3,13,11-13
河南,2024,理科,本科一批,511,707.0,707,4,17,14-17
河南,2024,理科,本科一批,511,706.0,706,4,21,18-21
河南,2024,理科,本科一批,511,705.0,705,2,23,22-23
河南,2024,理科,本科一批,511,704.0,704,5,28,24-28
河南,2024,理科,本科一批,511,703.0,703,5,33,29-33
河南,2024,理科,本科一批,511,702.0,702,5,38,34-38
河南,2024,理科,本科一批,511,701.0,701,5,43,39-43
河南,2024,理科,本科一批,511,700.0,700,9,52,44-52
河南,2024,理科,本科一批,511,699.0,699,12,64,53-64
河南,2024,理科,本科一批,511,698.0,698,11,75,65-75
河南,2024,理科,本科一批,511,697.0,697,6,81,76-81
河南,2024,理科,本科一批,511,696.0,696,13,94,82-94
河南,2024,理科,本科一批,511,695.0,695,17,111,95-111
河南,2024,理科,本科一批,511,694.0,694,17,128,112-128
河南,2024,理科,本科一批,511,693.0,693,22,150,129-150
河南,2024,理科,本科一批,511,692.0,692,24,174,151-174
河南,2024,理科,本科一批,511,691.0,691,19,193,175-193
河南,2024,理科,本科一批,511,690.0,690,22,215,194-215
河南,2024,理科,本科一批,511,689.0,689,24,239,216-239
河南,2024,理科,本科一批,511,688.0,688,35,274,240-274
河南,2024,理科,本科一批,511,687.0,687,30,304,275-304
河南,2024,理科,本科一批,511,686.0,686,37,341,305-341
河南,2024,理科,本科一批,511,685.0,685,28,369,342-369
河南,2024,理科,本科一批,511,684.0,684,39,408,370-408
河南,2024,理科,本科一批,511,683.0,683,36,444,409-444
河南,2024,理科,本科一批,511,682.0,682,47,491,445-491
河南,2024,理科,本科一批,511,681.0,681,30,521,492-521
河南,2024,理科,本科一批,511,680.0,680,52,573,522-573
河南,2024,理科,本科一批,511,679.0,679,35,608,574-608
河南,2024,理科,本科一批,511,678.0,678,76,684,609-684
河南,2024,理科,本科一批,511,677.0,677,62,746,685-746
河南,2024,理科,本科一批,511,676.0,676,66,812,747-812
河南,2024,理科,本科一批,511,675.0,675,69,881,813-881
河南,2024,理科,本科一批,511,674.0,674,77,958,882-958
河南,2024,理科,本科一批,511,673.0,673,66,1024,959-1024
河南,2024,理科,本科一批,511,672.0,672,71,1095,1025-1095
河南,2024,理科,本科一批,511,671.0,671,85,1180,1096-1180
河南,2024,理科,本科一批,511,670.0,670,66,1246,1181-1246
河南,2024,理科,本科一批,511,669.0,669,72,1318,1247-1318
河南,2024,理科,本科一批,511,668.0,668,92,1410,1319-1410
河南,2024,理科,本科一批,511,667.0,667,99,1509,1411-1509
河南,2024,理科,本科一批,511,666.0,666,95,1604,1510-1604
河南,2024,理科,本科一批,511,665.0,665,110,1714,1605-1714
河南,2024,理科,本科一批,511,664.0,664,109,1823,1715-1823
河南,2024,理科,本科一批,511,663.0,663,119,1942,1824-1942
河南,2024,理科,本科一批,511,662.0,662,109,2051,1943-2051
河南,2024,理科,本科一批,511,661.0,661,106,2157,2052-2157
河南,2024,理科,本科一批,511,660.0,660,115,2272,2158-2272
河南,2024,理科,本科一批,511,659.0,659,133,2405,2273-2405
河南,2024,理科,本科一批,511,658.0,658,141,2546,2406-2546
河南,2024,理科,本科一批,511,657.0,657,116,2662,2547-2662
河南,2024,理科,本科一批,511,656.0,656,147,2809,2663-2809
河南,2024,理科,本科一批,511,655.0,655,146,2955,2810-2955
河南,2024,理科,本科一批,511,654.0,654,165,3120,2956-3120
河南,2024,理科,本科一批,511,653.0,653,167,3287,3121-3287
河南,2024,理科,本科一批,511,652.0,652,154,3441,3288-3441
河南,2024,理科,本科一批,511,651.0,651,167,3608,3442-3608
河南,2024,理科,本科一批,511,650.0,650,176,3784,3609-3784
河南,2024,理科,本科一批,511,649.0,649,171,3955,3785-3955
河南,2024,理科,本科一批,511,648.0,648,198,4153,3956-4153
河南,2024,理科,本科一批,511,647.0,647,179,4332,4154-4332
河南,2024,理科,本科一批,511,646.0,646,219,4551,4333-4551
河南,2024,理科,本科一批,511,645.0,645,193,4744,4552-4744
河南,2024,理科,本科一批,511,644.0,644,222,4966,4745-4966
河南,2024,理科,本科一批,511,643.0,643,211,5177,4967-5177
河南,2024,理科,本科一批,511,642.0,642,208,5385,5178-5385
河南,2024,理科,本科一批,511,641.0,641,250,5635,5386-5635
河南,2024,理科,本科一批,511,640.0,640,220,5855,5636-5855
河南,2024,理科,本科一批,511,639.0,639,265,6120,5856-6120
河南,2024,理科,本科一批,511,638.0,638,293,6413,6121-6413
河南,2024,理科,本科一批,511,637.0,637,256,6669,6414-6669
河南,2024,理科,本科一批,511,636.0,636,296,6965,6670-6965
河南,2024,理科,本科一批,511,635.0,635,284,7249,6966-7249
河南,2024,理科,本科一批,511,634.0,634,299,7548,7250-7548
河南,2024,理科,本科一批,511,633.0,633,283,7831,7549-7831
河南,2024,理科,本科一批,511,632.0,632,308,8139,7832-8139
河南,2024,理科,本科一批,511,631.0,631,305,8444,8140-8444
河南,2024,理科,本科一批,511,630.0,630,366,8810,8445-8810
河南,2024,理科,本科一批,511,629.0,629,323,9133,8811-9133
河南,2024,理科,本科一批,511,628.0,628,365,9498,9134-9498
河南,2024,理科,本科一批,511,627.0,627,341,9839,9499-9839
河南,2024,理科,本科一批,511,626.0,626,349,10188,9840-10188
河南,2024,理科,本科一批,511,625.0,625,404,10592,10189-10592
河南,2024,理科,本科一批,511,624.0,624,370,10962,10593-10962
河南,2024,理科,本科一批,511,623.0,623,401,11363,10963-11363
河南,2024,理科,本科一批,511,622.0,622,404,11767,11364-11767
河南,2024,理科,本科一批,511,621.0,621,437,12204,11768-12204
河南,2024,理科,本科一批,511,620.0,620,403,12607,12205-12607
河南,2024,理科,本科一批,511,619.0,619,421,13028,12608-13028
河南,2024,理科,本科一批,511,618.0,618,447,13475,13029-13475
河南,2024,理科,本科一批,511,617.0,617,466,13941,13476-13941
河南,2024,理科,本科一批,511,616.0,616,455,14396,13942-14396
河南,2024,理科,本科一批,511,615.0,615,495,14891,14397-14891
河南,2024,理科,本科一批,511,614.0,614,511,15402,14892-15402
河南,2024,理科,本科一批,511,613.0,613,511,15913,15403-15913
河南,2024,理科,本科一批,511,612.0,612,575,16488,15914-16488
河南,2024,理科,本科一批,511,611.0,611,494,16982,16489-16982
河南,2024,理科,本科一批,511,610.0,610,537,17519,16983-17519
河南,2024,理科,本科一批,511,609.0,609,540,18059,17520-18059
河南,2024,理科,本科一批,511,608.0,608,583,18642,18060-18642
河南,2024,理科,本科一批,511,607.0,607,614,19256,18643-19256
河南,2024,理科,本科一批,511,606.0,606,613,19869,19257-19869
河南,2024,理科,本科一批,511,605.0,605,587,20456,19870-20456
河南,2024,理科,本科一批,511,604.0,604,583,21039,20457-21039
河南,2024,理科,本科一批,511,603.0,603,617,21656,21040-21656
河南,2024,理科,本科一批,511,602.0,602,680,22336,21657-22336
河南,2024,理科,本科一批,511,601.0,601,627,22963,22337-22963
河南,2024,理科,本科一批,511,600.0,600,675,23638,22964-23638
河南,2024,理科,本科一批,511,599.0,599,671,24309,23639-24309
河南,2024,理科,本科一批,511,598.0,598,740,25049,24310-25049
河南,2024,理科,本科一批,511,597.0,597,713,25762,25050-25762
河南,2024,理科,本科一批,511,596.0,596,703,26465,25763-26465
河南,2024,理科,本科一批,511,595.0,595,749,27214,26466-27214
河南,2024,理科,本科一批,511,594.0,594,705,27919,27215-27919
河南,2024,理科,本科一批,511,593.0,593,718,28637,27920-28637
河南,2024,理科,本科一批,511,592.0,592,732,29369,28638-29369
河南,2024,理科,本科一批,511,591.0,591,754,30123,29370-30123
河南,2024,理科,本科一批,511,590.0,590,764,30887,30124-30887
河南,2024,理科,本科一批,511,589.0,589,793,31680,30888-31680
河南,2024,理科,本科一批,511,588.0,588,848,32528,31681-32528
河南,2024,理科,本科一批,511,587.0,587,855,33383,32529-33383
河南,2024,理科,本科一批,511,586.0,586,847,34230,33384-34230
河南,2024,理科,本科一批,511,585.0,585,836,35066,34231-35066
河南,2024,理科,本科一批,511,584.0,584,882,35948,35067-35948
河南,2024,理科,本科一批,511,583.0,583,893,36841,35949-36841
河南,2024,理科,本科一批,511,582.0,582,903,37744,36842-37744
河南,2024,理科,本科一批,511,581.0,581,938,38682,37745-38682
河南,2024,理科,本科一批,511,580.0,580,923,39605,38683-39605
河南,2024,理科,本科一批,511,579.0,579,936,40541,39606-40541
河南,2024,理科,本科一批,511,578.0,578,968,41509,40542-41509
河南,2024,理科,本科一批,511,577.0,577,936,42445,41510-42445
河南,2024,理科,本科一批,511,576.0,576,1014,43459,42446-43459
河南,2024,理科,本科一批,511,575.0,575,1004,44463,43460-44463
河南,2024,理科,本科一批,511,574.0,574,993,45456,44464-45456
河南,2024,理科,本科一批,511,573.0,573,1057,46513,45457-46513
河南,2024,理科,本科一批,511,572.0,572,1035,47548,46514-47548
河南,2024,理科,本科一批,511,571.0,571,1046,48594,47549-48594
河南,2024,理科,本科一批,511,570.0,570,972,49566,48595-49566
河南,2024,理科,本科一批,511,569.0,569,1076,50642,49567-50642
河南,2024,理科,本科一批,511,568.0,568,1044,51686,50643-51686
河南,2024,理科,本科一批,511,567.0,567,1035,52721,51687-52721
河南,2024,理科,本科一批,511,566.0,566,1188,53909,52722-53909
河南,2024,理科,本科一批,511,565.0,565,1126,55035,53910-55035
河南,2024,理科,本科一批,511,564.0,564,1154,56189,55036-56189
河南,2024,理科,本科一批,511,563.0,563,1092,57281,56190-57281
河南,2024,理科,本科一批,511,562.0,562,1119,58400,57282-58400
河南,2024,理科,本科一批,511,561.0,561,1179,59579,58401-59579
河南,2024,理科,本科一批,511,560.0,560,1166,60745,59580-60745
河南,2024,理科,本科一批,511,559.0,559,1194,61939,60746-61939
河南,2024,理科,本科一批,511,558.0,558,1193,63132,61940-63132
河南,2024,理科,本科一批,511,557.0,557,1181,64313,63133-64313
河南,2024,理科,本科一批,511,556.0,556,1245,65558,64314-65558
河南,2024,理科,本科一批,511,555.0,555,1252,66810,65559-66810
河南,2024,理科,本科一批,511,554.0,554,1240,68050,66811-68050
河南,2024,理科,本科一批,511,553.0,553,1292,69342,68051-69342
河南,2024,理科,本科一批,511,552.0,552,1260,70602,69343-70602
河南,2024,理科,本科一批,511,551.0,551,1249,71851,70603-71851
河南,2024,理科,本科一批,511,550.0,550,1257,73108,71852-73108
河南,2024,理科,本科一批,511,549.0,549,1301,74409,73109-74409
河南,2024,理科,本科一批,511,548.0,548,1277,75686,74410-75686
河南,2024,理科,本科一批,511,547.0,547,1316,77002,75687-77002
河南,2024,理科,本科一批,511,546.0,546,1337,78339,77003-78339
河南,2024,理科,本科一批,511,545.0,545,1316,79655,78340-79655
河南,2024,理科,本科一批,511,544.0,544,1297,80952,79656-80952
河南,2024,理科,本科一批,511,543.0,543,1388,82340,80953-82340
河南,2024,理科,本科一批,511,542.0,542,1332,83672,82341-83672
河南,2024,理科,本科一批,511,541.0,541,1319,84991,83673-84991
河南,2024,理科,本科一批,511,540.0,540,1333,86324,84992-86324
河南,2024,理科,本科一批,511,539.0,539,1434,87758,86325-87758
河南,2024,理科,本科一批,511,538.0,538,1436,89194,87759-89194
河南,2024,理科,本科一批,511,537.0,537,1434,90628,89195-90628
河南,2024,理科,本科一批,511,536.0,536,1402,92030,90629-92030
河南,2024,理科,本科一批,511,535.0,535,1421,93451,92031-93451
河南,2024,理科,本科一批,511,534.0,534,1443,94894,93452-94894
河南,2024,理科,本科一批,511,533.0,533,1485,96379,94895-96379
河南,2024,理科,本科一批,511,532.0,532,1458,97837,96380-97837
河南,2024,理科,本科一批,511,531.0,531,1462,99299,97838-99299
河南,2024,理科,本科一批,511,530.0,530,1438,100737,99300-100737
河南,2024,理科,本科一批,511,529.0,529,1474,102211,100738-102211
河南,2024,理科,本科一批,511,528.0,528,1463,103674,102212-103674
河南,2024,理科,本科一批,511,527.0,527,1486,105160,103675-105160
河南,2024,理科,本科一批,511,526.0,526,1450,106610,105161-106610
河南,2024,理科,本科一批,511,525.0,525,1587,108197,106611-108197
河南,2024,理科,本科一批,511,524.0,524,1457,109654,108198-109654
河南,2024,理科,本科一批,511,523.0,523,1512,111166,109655-111166
河南,2024,理科,本科一批,511,522.0,522,1572,112738,111167-112738
河南,2024,理科,本科一批,511,521.0,521,1533,114271,112739-114271
河南,2024,理科,本科一批,511,520.0,520,1559,115830,114272-115830
河南,2024,理科,本科一批,511,519.0,519,1551,117381,115831-117381
河南,2024,理科,本科一批,511,518.0,518,1616,118997,117382-118997
河南,2024,理科,本科一批,511,517.0,517,1586,120583,118998-120583
河南,2024,理科,本科一批,511,516.0,516,1575,122158,120584-122158
河南,2024,理科,本科一批,511,515.0,515,1543,123701,122159-123701
河南,2024,理科,本科一批,511,514.0,514,1578,125279,123702-125279
河南,2024,理科,本科一批,511,513.0,513,1706,126985,125280-126985
河南,2024,理科,本科一批,511,512.0,512,1597,128582,126986-128582
河南,2024,理科,本科一批,511,511.0,511,1613,130195,128583-130195
河南,2024,理科,本科二批,396,510.0,510,1525,131720,130196-131720
河南,2024,理科,本科二批,396,509.0,509,1539,133259,131721-133259
河南,2024,理科,本科二批,396,508.0,508,1644,134903,133260-134903
河南,2024,理科,本科二批,396,507.0,507,1580,136483,134904-136483
河南,2024,理科,本科二批,396,506.0,506,1636,138119,136484-138119
河南,2024,理科,本科二批,396,505.0,505,1589,139708,138120-139708
河南,2024,理科,本科二批,396,504.0,504,1584,141292,139709-141292
河南,2024,理科,本科二批,396,503.0,503,1643,142935,141293-142935
河南,2024,理科,本科二批,396,502.0,502,1646,144581,142936-144581
河南,2024,理科,本科二批,396,501.0,501,1586,146167,144582-146167
河南,2024,理科,本科二批,396,500.0,500,1671,147838,146168-147838
河南,2024,理科,本科二批,396,499.0,499,1655,149493,147839-149493
河南,2024,理科,本科二批,396,498.0,498,1591,151084,149494-151084
河南,2024,理科,本科二批,396,497.0,497,1644,152728,151085-152728
河南,2024,理科,本科二批,396,496.0,496,1607,154335,152729-154335
河南,2024,理科,本科二批,396,495.0,495,1671,156006,154336-156006
河南,2024,理科,本科二批,396,494.0,494,1646,157652,156007-157652
河南,2024,理科,本科二批,396,493.0,493,1691,159343,157653-159343
河南,2024,理科,本科二批,396,492.0,492,1672,161015,159344-161015
河南,2024,理科,本科二批,396,491.0,491,1603,162618,161016-162618
河南,2024,理科,本科二批,396,490.0,490,1668,164286,162619-164286
河南,2024,理科,本科二批,396,489.0,489,1672,165958,164287-165958
河南,2024,理科,本科二批,396,488.0,488,1650,167608,165959-167608
河南,2024,理科,本科二批,396,487.0,487,1763,169371,167609-169371
河南,2024,理科,本科二批,396,486.0,486,1632,171003,169372-171003
河南,2024,理科,本科二批,396,485.0,485,1728,172731,171004-172731
河南,2024,理科,本科二批,396,484.0,484,1752,174483,172732-174483
河南,2024,理科,本科二批,396,483.0,483,1687,176170,174484-176170
河南,2024,理科,本科二批,396,482.0,482,1760,177930,176171-177930
河南,2024,理科,本科二批,396,481.0,481,1697,179627,177931-179627
河南,2024,理科,本科二批,396,480.0,480,1741,181368,179628-181368
河南,2024,理科,本科二批,396,479.0,479,1689,183057,181369-183057
河南,2024,理科,本科二批,396,478.0,478,1756,184813,183058-184813
河南,2024,理科,本科二批,396,477.0,477,1749,186562,184814-186562
河南,2024,理科,本科二批,396,476.0,476,1689,188251,186563-188251
河南,2024,理科,本科二批,396,475.0,475,1768,190019,188252-190019
河南,2024,理科,本科二批,396,474.0,474,1750,191769,190020-191769
河南,2024,理科,本科二批,396,473.0,473,1690,193459,191770-193459
河南,2024,理科,本科二批,396,472.0,472,1719,195178,193460-195178
河南,2024,理科,本科二批,396,471.0,471,1722,196900,195179-196900
河南,2024,理科,本科二批,396,470.0,470,1802,198702,196901-198702
河南,2024,理科,本科二批,396,469.0,469,1811,200513,198703-200513
河南,2024,理科,本科二批,396,468.0,468,1751,202264,200514-202264
河南,2024,理科,本科二批,396,467.0,467,1730,203994,202265-203994
河南,2024,理科,本科二批,396,466.0,466,1775,205769,203995-205769
河南,2024,理科,本科二批,396,465.0,465,1689,207458,205770-207458
河南,2024,理科,本科二批,396,464.0,464,1791,209249,207459-209249
河南,2024,理科,本科二批,396,463.0,463,1759,211008,209250-211008
河南,2024,理科,本科二批,396,462.0,462,1750,212758,211009-212758
河南,2024,理科,本科二批,396,461.0,461,1639,214397,212759-214397
河南,2024,理科,本科二批,396,460.0,460,1812,216209,214398-216209
河南,2024,理科,本科二批,396,459.0,459,1755,217964,216210-217964
河南,2024,理科,本科二批,396,458.0,458,1719,219683,217965-219683
河南,2024,理科,本科二批,396,457.0,457,1758,221441,219684-221441
河南,2024,理科,本科二批,396,456.0,456,1838,223279,221442-223279
河南,2024,理科,本科二批,396,455.0,455,1808,225087,223280-225087
河南,2024,理科,本科二批,396,454.0,454,1810,226897,225088-226897
河南,2024,理科,本科二批,396,453.0,453,1778,228675,226898-228675
河南,2024,理科,本科二批,396,452.0,452,1762,230437,228676-230437
河南,2024,理科,本科二批,396,451.0,451,1805,232242,230438-232242
河南,2024,理科,本科二批,396,450.0,450,1769,234011,232243-234011
河南,2024,理科,本科二批,396,449.0,449,1768,235779,234012-235779
河南,2024,理科,本科二批,396,448.0,448,1804,237583,235780-237583
河南,2024,理科,本科二批,396,447.0,447,1750,239333,237584-239333
河南,2024,理科,本科二批,396,446.0,446,1846,241179,239334-241179
河南,2024,理科,本科二批,396,445.0,445,1761,242940,241180-242940
河南,2024,理科,本科二批,396,444.0,444,1754,244694,242941-244694
河南,2024,理科,本科二批,396,443.0,443,1736,246430,244695-246430
河南,2024,理科,本科二批,396,442.0,442,1840,248270,246431-248270
河南,2024,理科,本科二批,396,441.0,441,1759,250029,248271-250029
河南,2024,理科,本科二批,396,440.0,440,1844,251873,250030-251873
河南,2024,理科,本科二批,396,439.0,439,1827,253700,251874-253700
河南,2024,理科,本科二批,396,438.0,438,1755,255455,253701-255455
河南,2024,理科,本科二批,396,437.0,437,1817,257272,255456-257272
河南,2024,理科,本科二批,396,436.0,436,1864,259136,257273-259136
河南,2024,理科,本科二批,396,435.0,435,1850,260986,259137-260986
河南,2024,理科,本科二批,396,434.0,434,1839,262825,260987-262825
河南,2024,理科,本科二批,396,433.0,433,1805,264630,262826-264630
河南,2024,理科,本科二批,396,432.0,432,1764,266394,264631-266394
河南,2024,理科,本科二批,396,431.0,431,1792,268186,266395-268186
河南,2024,理科,本科二批,396,430.0,430,1727,269913,268187-269913
河南,2024,理科,本科二批,396,429.0,429,1803,271716,269914-271716
河南,2024,理科,本科二批,396,428.0,428,1760,273476,271717-273476
河南,2024,理科,本科二批,396,427.0,427,1790,275266,273477-275266
河南,2024,理科,本科二批,396,426.0,426,1782,277048,275267-277048
河南,2024,理科,本科二批,396,425.0,425,1807,278855,277049-278855
河南,2024,理科,本科二批,396,424.0,424,1757,280612,278856-280612
河南,2024,理科,本科二批,396,423.0,423,1825,282437,280613-282437
河南,2024,理科,本科二批,396,422.0,422,1798,284235,282438-284235
河南,2024,理科,本科二批,396,421.0,421,1764,285999,284236-285999
河南,2024,理科,本科二批,396,420.0,420,1724,287723,286000-287723
河南,2024,理科,本科二批,396,419.0,419,1773,289496,287724-289496
河南,2024,理科,本科二批,396,418.0,418,1792,291288,289497-291288
河南,2024,理科,本科二批,396,417.0,417,1760,293048,291289-293048
河南,2024,理科,本科二批,396,416.0,416,1774,294822,293049-294822
河南,2024,理科,本科二批,396,415.0,415,1712,296534,294823-296534
河南,2024,理科,本科二批,396,414.0,414,1743,298277,296535-298277
河南,2024,理科,本科二批,396,413.0,413,1757,300034,298278-300034
河南,2024,理科,本科二批,396,412.0,412,1765,301799,300035-301799
河南,2024,理科,本科二批,396,411.0,411,1769,303568,301800-303568
河南,2024,理科,本科二批,396,410.0,410,1757,305325,303569-305325
河南,2024,理科,本科二批,396,409.0,409,1735,307060,305326-307060
河南,2024,理科,本科二批,396,408.0,408,1732,308792,307061-308792
河南,2024,理科,本科二批,396,407.0,407,1779,310571,308793-310571
河南,2024,理科,本科二批,396,406.0,406,1743,312314,310572-312314
河南,2024,理科,本科二批,396,405.0,405,1766,314080,312315-314080
河南,2024,理科,本科二批,396,404.0,404,1732,315812,314081-315812
河南,2024,理科,本科二批,396,403.0,403,1788,317600,315813-317600
河南,2024,理科,本科二批,396,402.0,402,1691,319291,317601-319291
河南,2024,理科,本科二批,396,401.0,401,1689,320980,319292-320980
河南,2024,理科,本科二批,396,400.0,400,1670,322650,320981-322650
河南,2024,理科,本科二批,396,399.0,399,1750,324400,322651-324400
河南,2024,理科,本科二批,396,398.0,398,1747,326147,324401-326147
河南,2024,理科,本科二批,396,397.0,397,1701,327848,326148-327848
河南,2024,理科,本科二批,396,396.0,396,1725,329573,327849-329573
河南,2024,理科,专科批,185,395.0,395,1752,331325,329574-331325
河南,2024,理科,专科批,185,394.0,394,1705,333030,331326-333030
河南,2024,理科,专科批,185,393.0,393,1656,334686,333031-334686
河南,2024,理科,专科批,185,392.0,392,1757,336443,334687-336443
河南,2024,理科,专科批,185,391.0,391,1695,338138,336444-338138
河南,2024,理科,专科批,185,390.0,390,1670,339808,338139-339808
河南,2024,理科,专科批,185,389.0,389,1604,341412,339809-341412
河南,2024,理科,专科批,185,388.0,388,1685,343097,341413-343097
河南,2024,理科,专科批,185,387.0,387,1716,344813,343098-344813
河南,2024,理科,专科批,185,386.0,386,1672,346485,344814-346485
河南,2024,理科,专科批,185,385.0,385,1697,348182,346486-348182
河南,2024,理科,专科批,185,384.0,384,1664,349846,348183-349846
河南,2024,理科,专科批,185,383.0,383,1680,351526,349847-351526
河南,2024,理科,专科批,185,382.0,382,1662,353188,351527-353188
河南,2024,理科,专科批,185,381.0,381,1598,354786,353189-354786
河南,2024,理科,专科批,185,380.0,380,1626,356412,354787-356412
河南,2024,理科,专科批,185,379.0,379,1592,358004,356413-358004
河南,2024,理科,专科批,185,378.0,378,1543,359547,358005-359547
河南,2024,理科,专科批,185,377.0,377,1588,361135,359548-361135
河南,2024,理科,专科批,185,376.0,376,1561,362696,361136-362696
河南,2024,理科,专科批,185,375.0,375,1584,364280,362697-364280
河南,2024,理科,专科批,185,374.0,374,1625,365905,364281-365905
河南,2024,理科,专科批,185,373.0,373,1680,367585,365906-367585
河南,2024,理科,专科批,185,372.0,372,1574,369159,367586-369159
河南,2024,理科,专科批,185,371.0,371,1584,370743,369160-370743
河南,2024,理科,专科批,185,370.0,370,1607,372350,370744-372350
河南,2024,理科,专科批,185,369.0,369,1542,373892,372351-373892
河南,2024,理科,专科批,185,368.0,368,1617,375509,373893-375509
河南,2024,理科,专科批,185,367.0,367,1556,377065,375510-377065
河南,2024,理科,专科批,185,366.0,366,1576,378641,377066-378641
河南,2024,理科,专科批,185,365.0,365,1548,380189,378642-380189
河南,2024,理科,专科批,185,364.0,364,1566,381755,380190-381755
河南,2024,理科,专科批,185,363.0,363,1643,383398,381756-383398
河南,2024,理科,专科批,185,362.0,362,1521,384919,383399-384919
河南,2024,理科,专科批,185,361.0,361,1471,386390,384920-386390
河南,2024,理科,专科批,185,360.0,360,1548,387938,386391-387938
河南,2024,理科,专科批,185,359.0,359,1634,389572,387939-389572
河南,2024,理科,专科批,185,358.0,358,1470,391042,389573-391042
河南,2024,理科,专科批,185,357.0,357,1526,392568,391043-392568
河南,2024,理科,专科批,185,356.0,356,1484,394052,392569-394052
河南,2024,理科,专科批,185,355.0,355,1488,395540,394053-395540
河南,2024,理科,专科批,185,354.0,354,1503,397043,395541-397043
河南,2024,理科,专科批,185,353.0,353,1523,398566,397044-398566
河南,2024,理科,专科批,185,352.0,352,1486,400052,398567-400052
河南,2024,理科,专科批,185,351.0,351,1503,401555,400053-401555
河南,2024,理科,专科批,185,350.0,350,1442,402997,401556-402997
河南,2024,理科,专科批,185,349.0,349,1494,404491,402998-404491
河南,2024,理科,专科批,185,348.0,348,1441,405932,404492-405932
河南,2024,理科,专科批,185,347.0,347,1462,407394,405933-407394
河南,2024,理科,专科批,185,346.0,346,1475,408869,407395-408869
河南,2024,理科,专科批,185,345.0,345,1459,410328,408870-410328
河南,2024,理科,专科批,185,344.0,344,1527,411855,410329-411855
河南,2024,理科,专科批,185,343.0,343,1455,413310,411856-413310
河南,2024,理科,专科批,185,342.0,342,1419,414729,413311-414729
河南,2024,理科,专科批,185,341.0,341,1393,416122,414730-416122
河南,2024,理科,专科批,185,340.0,340,1455,417577,416123-417577
河南,2024,理科,专科批,185,339.0,339,1410,418987,417578-418987
河南,2024,理科,专科批,185,338.0,338,1455,420442,418988-420442
河南,2024,理科,专科批,185,337.0,337,1395,421837,420443-421837
河南,2024,理科,专科批,185,336.0,336,1381,423218,421838-423218
河南,2024,理科,专科批,185,335.0,335,1469,424687,423219-424687
河南,2024,理科,专科批,185,334.0,334,1428,426115,424688-426115
河南,2024,理科,专科批,185,333.0,333,1391,427506,426116-427506
河南,2024,理科,专科批,185,332.0,332,1370,428876,427507-428876
河南,2024,理科,专科批,185,331.0,331,1467,430343,428877-430343
河南,2024,理科,专科批,185,330.0,330,1326,431669,430344-431669
河南,2024,理科,专科批,185,329.0,329,1313,432982,431670-432982
河南,2024,理科,专科批,185,328.0,328,1397,434379,432983-434379
河南,2024,理科,专科批,185,327.0,327,1267,435646,434380-435646
河南,2024,理科,专科批,185,326.0,326,1357,437003,435647-437003
河南,2024,理科,专科批,185,325.0,325,1279,438282,437004-438282
河南,2024,理科,专科批,185,324.0,324,1358,439640,438283-439640
河南,2024,理科,专科批,185,323.0,323,1280,440920,439641-440920
河南,2024,理科,专科批,185,322.0,322,1350,442270,440921-442270
河南,2024,理科,专科批,185,321.0,321,1249,443519,442271-443519
河南,2024,理科,专科批,185,320.0,320,1282,444801,443520-444801
河南,2024,理科,专科批,185,319.0,319,1275,446076,444802-446076
河南,2024,理科,专科批,185,318.0,318,1331,447407,446077-447407
河南,2024,理科,专科批,185,317.0,317,1208,448615,447408-448615
河南,2024,理科,专科批,185,316.0,316,1281,449896,448616-449896
河南,2024,理科,专科批,185,315.0,315,1191,451087,449897-451087
河南,2024,理科,专科批,185,314.0,314,1251,452338,451088-452338
河南,2024,理科,专科批,185,313.0,313,1257,453595,452339-453595
河南,2024,理科,专科批,185,312.0,312,1232,454827,453596-454827
河南,2024,理科,专科批,185,311.0,311,1259,456086,454828-456086
河南,2024,理科,专科批,185,310.0,310,1193,457279,456087-457279
河南,2024,理科,专科批,185,309.0,309,1218,458497,457280-458497
河南,2024,理科,专科批,185,308.0,308,1241,459738,458498-459738
河南,2024,理科,专科批,185,307.0,307,1166,460904,459739-460904
河南,2024,理科,专科批,185,306.0,306,1178,462082,460905-462082
河南,2024,理科,专科批,185,305.0,305,1200,463282,462083-463282
河南,2024,理科,专科批,185,304.0,304,1218,464500,463283-464500
河南,2024,理科,专科批,185,303.0,303,1197,465697,464501-465697
河南,2024,理科,专科批,185,302.0,302,1176,466873,465698-466873
河南,2024,理科,专科批,185,301.0,301,1087,467960,466874-467960
河南,2024,理科,专科批,185,300.0,300,1121,469081,467961-469081
河南,2024,理科,专科批,185,299.0,299,1105,470186,469082-470186
河南,2024,理科,专科批,185,298.0,298,1092,471278,470187-471278
河南,2024,理科,专科批,185,297.0,297,1056,472334,471279-472334
河南,2024,理科,专科批,185,296.0,296,1135,473469,472335-473469
河南,2024,理科,专科批,185,295.0,295,1127,474596,473470-474596
河南,2024,理科,专科批,185,294.0,294,1174,475770,474597-475770
河南,2024,理科,专科批,185,293.0,293,1115,476885,475771-476885
河南,2024,理科,专科批,185,292.0,292,1125,478010,476886-478010
河南,2024,理科,专科批,185,291.0,291,1056,479066,478011-479066
河南,2024,理科,专科批,185,290.0,290,1063,480129,479067-480129
河南,2024,理科,专科批,185,289.0,289,1073,481202,480130-481202
河南,2024,理科,专科批,185,288.0,288,1027,482229,481203-482229
河南,2024,理科,专科批,185,287.0,287,1031,483260,482230-483260
河南,2024,理科,专科批,185,286.0,286,1034,484294,483261-484294
河南,2024,理科,专科批,185,285.0,285,1064,485358,484295-485358
河南,2024,理科,专科批,185,284.0,284,1000,486358,485359-486358
河南,2024,理科,专科批,185,283.0,283,1011,487369,486359-487369
河南,2024,理科,专科批,185,282.0,282,1030,488399,487370-488399
河南,2024,理科,专科批,185,281.0,281,1012,489411,488400-489411
河南,2024,理科,专科批,185,280.0,280,1036,490447,489412-490447
河南,2024,理科,专科批,185,279.0,279,953,491400,490448-491400
河南,2024,理科,专科批,185,278.0,278,1029,492429,491401-492429
河南,2024,理科,专科批,185,277.0,277,1014,493443,492430-493443
河南,2024,理科,专科批,185,276.0,276,981,494424,493444-494424
河南,2024,理科,专科批,185,275.0,275,961,495385,494425-495385
河南,2024,理科,专科批,185,274.0,274,951,496336,495386-496336
河南,2024,理科,专科批,185,273.0,273,1015,497351,496337-497351
河南,2024,理科,专科批,185,272.0,272,905,498256,497352-498256
河南,2024,理科,专科批,185,271.0,271,979,499235,498257-499235
河南,2024,理科,专科批,185,270.0,270,922,500157,499236-500157
河南,2024,理科,专科批,185,269.0,269,987,501144,500158-501144
河南,2024,理科,专科批,185,268.0,268,935,502079,501145-502079
河南,2024,理科,专科批,185,267.0,267,1003,503082,502080-503082
河南,2024,理科,专科批,185,266.0,266,955,504037,503083-504037
河南,2024,理科,专科批,185,265.0,265,892,504929,504038-504929
河南,2024,理科,专科批,185,264.0,264,929,505858,504930-505858
河南,2024,理科,专科批,185,263.0,263,886,506744,505859-506744
河南,2024,理科,专科批,185,262.0,262,842,507586,506745-507586
河南,2024,理科,专科批,185,261.0,261,907,508493,507587-508493
河南,2024,理科,专科批,185,260.0,260,863,509356,508494-509356
河南,2024,理科,专科批,185,259.0,259,909,510265,509357-510265
河南,2024,理科,专科批,185,258.0,258,892,511157,510266-511157
河南,2024,理科,专科批,185,257.0,257,872,512029,511158-512029
河南,2024,理科,专科批,185,256.0,256,932,512961,512030-512961
河南,2024,理科,专科批,185,255.0,255,808,513769,512962-513769
河南,2024,理科,专科批,185,254.0,254,832,514601,513770-514601
河南,2024,理科,专科批,185,253.0,253,842,515443,514602-515443
河南,2024,理科,专科批,185,252.0,252,817,516260,515444-516260
河南,2024,理科,专科批,185,251.0,251,827,517087,516261-517087
河南,2024,理科,专科批,185,250.0,250,802,517889,517088-517889
河南,2024,理科,专科批,185,249.0,249,789,518678,517890-518678
河南,2024,理科,专科批,185,248.0,248,831,519509,518679-519509
河南,2024,理科,专科批,185,247.0,247,806,520315,519510-520315
河南,2024,理科,专科批,185,246.0,246,842,521157,520316-521157
河南,2024,理科,专科批,185,245.0,245,820,521977,521158-521977
河南,2024,理科,专科批,185,244.0,244,800,522777,521978-522777
河南,2024,理科,专科批,185,243.0,243,776,523553,522778-523553
河南,2024,理科,专科批,185,242.0,242,759,524312,523554-524312
河南,2024,理科,专科批,185,241.0,241,806,525118,524313-525118
河南,2024,理科,专科批,185,240.0,240,734,525852,525119-525852
河南,2024,理科,专科批,185,239.0,239,808,526660,525853-526660
河南,2024,理科,专科批,185,238.0,238,793,527453,526661-527453
河南,2024,理科,专科批,185,237.0,237,783,528236,527454-528236
河南,2024,理科,专科批,185,236.0,236,750,528986,528237-528986
河南,2024,理科,专科批,185,235.0,235,735,529721,528987-529721
河南,2024,理科,专科批,185,234.0,234,739,530460,529722-530460
河南,2024,理科,专科批,185,233.0,233,752,531212,530461-531212
河南,2024,理科,专科批,185,232.0,232,732,531944,531213-531944
河南,2024,理科,专科批,185,231.0,231,752,532696,531945-532696
河南,2024,理科,专科批,185,230.0,230,687,533383,532697-533383
河南,2024,理科,专科批,185,229.0,229,744,534127,533384-534127
河南,2024,理科,专科批,185,228.0,228,724,534851,534128-534851
河南,2024,理科,专科批,185,227.0,227,754,535605,534852-535605
河南,2024,理科,专科批,185,226.0,226,662,536267,535606-536267
河南,2024,理科,专科批,185,225.0,225,693,536960,536268-536960
河南,2024,理科,专科批,185,224.0,224,677,537637,536961-537637
河南,2024,理科,专科批,185,223.0,223,702,538339,537638-538339
河南,2024,理科,专科批,185,222.0,222,673,539012,538340-539012
河南,2024,理科,专科批,185,221.0,221,723,539735,539013-539735
河南,2024,理科,专科批,185,220.0,220,651,540386,539736-540386
河南,2024,理科,专科批,185,219.0,219,669,541055,540387-541055
河南,2024,理科,专科批,185,218.0,218,612,541667,541056-541667
河南,2024,理科,专科批,185,217.0,217,669,542336,541668-542336
河南,2024,理科,专科批,185,216.0,216,636,542972,542337-542972
河南,2024,理科,专科批,185,215.0,215,605,543577,542973-543577
河南,2024,理科,专科批,185,214.0,214,629,544206,543578-544206
河南,2024,理科,专科批,185,213.0,213,624,544830,544207-544830
河南,2024,理科,专科批,185,212.0,212,617,545447,544831-545447
河南,2024,理科,专科批,185,211.0,211,586,546033,545448-546033
河南,2024,理科,专科批,185,210.0,210,598,546631,546034-546631
河南,2024,理科,专科批,185,209.0,209,574,547205,546632-547205
河南,2024,理科,专科批,185,208.0,208,560,547765,547206-547765
河南,2024,理科,专科批,185,207.0,207,585,548350,547766-548350
河南,2024,理科,专科批,185,206.0,206,601,548951,548351-548951
河南,2024,理科,专科批,185,205.0,205,633,549584,548952-549584
河南,2024,理科,专科批,185,204.0,204,572,550156,549585-550156
河南,2024,理科,专科批,185,203.0,203,559,550715,550157-550715
河南,2024,理科,专科批,185,202.0,202,534,551249,550716-551249
河南,2024,理科,专科批,185,201.0,201,528,551777,551250-551777
河南,2024,理科,专科批,185,200.0,200,549,552326,551778-552326
河南,2024,理科,专科批,185,199.0,199,534,552860,552327-552860
河南,2024,理科,专科批,185,198.0,198,544,553404,552861-553404
河南,2024,理科,专科批,185,197.0,197,513,553917,553405-553917
河南,2024,理科,专科批,185,196.0,196,501,554418,553918-554418
河南,2024,理科,专科批,185,195.0,195,503,554921,554419-554921
河南,2024,理科,专科批,185,194.0,194,475,555396,554922-555396
河南,2024,理科,专科批,185,193.0,193,448,555844,555397-555844
河南,2024,理科,专科批,185,192.0,192,500,556344,555845-556344
河南,2024,理科,专科批,185,191.0,191,489,556833,556345-556833
河南,2024,理科,专科批,185,190.0,190,448,557281,556834-557281
河南,2024,理科,专科批,185,189.0,189,459,557740,557282-557740
河南,2024,理科,专科批,185,188.0,188,459,558199,557741-558199
河南,2024,理科,专科批,185,187.0,187,454,558653,558200-558653
河南,2024,理科,专科批,185,186.0,186,468,559121,558654-559121
河南,2024,理科,专科批,185,185.0,185,423,559544,559122-559544
河南,2024,理科,专科批,185,184.0,184,425,559969,559545-559969
河南,2024,理科,专科批,185,183.0,183,399,560368,559970-560368
河南,2024,理科,专科批,185,182.0,182,427,560795,560369-560795
河南,2024,理科,专科批,185,181.0,181,395,561190,560796-561190
河南,2024,理科,专科批,185,180.0,180,395,561585,561191-561585
河南,2024,理科,专科批,185,179.0,179,366,561951,561586-561951
河南,2024,理科,专科批,185,178.0,178,393,562344,561952-562344
河南,2024,理科,专科批,185,177.0,177,366,562710,562345-562710
河南,2024,理科,专科批,185,176.0,176,371,563081,562711-563081
河南,2024,理科,专科批,185,175.0,175,381,563462,563082-563462
河南,2024,理科,专科批,185,174.0,174,377,563839,563463-563839
河南,2024,理科,专科批,185,173.0,173,348,564187,563840-564187
河南,2024,理科,专科批,185,172.0,172,386,564573,564188-564573
河南,2024,理科,专科批,185,171.0,171,318,564891,564574-564891
河南,2024,理科,专科批,185,170.0,170,326,565217,564892-565217
河南,2024,理科,专科批,185,169.0,169,317,565534,565218-565534
河南,2024,理科,专科批,185,168.0,168,334,565868,565535-565868
河南,2024,理科,专科批,185,167.0,167,292,566160,565869-566160
河南,2024,理科,专科批,185,166.0,166,252,566412,566161-566412
河南,2024,理科,专科批,185,165.0,165,281,566693,566413-566693
河南,2024,理科,专科批,185,164.0,164,293,566986,566694-566986
河南,2024,理科,专科批,185,163.0,163,309,567295,566987-567295
河南,2024,理科,专科批,185,162.0,162,250,567545,567296-567545
河南,2024,理科,专科批,185,161.0,161,283,567828,567546-567828
河南,2024,理科,专科批,185,160.0,160,267,568095,567829-568095
河南,2024,理科,专科批,185,159.0,159,260,568355,568096-568355
河南,2024,理科,专科批,185,158.0,158,212,568567,568356-568567
河南,2024,理科,专科批,185,157.0,157,218,568785,568568-568785
河南,2024,理科,专科批,185,156.0,156,231,569016,568786-569016
河南,2024,理科,专科批,185,155.0,155,204,569220,569017-569220
河南,2024,理科,专科批,185,154.0,154,194,569414,569221-569414
河南,2024,理科,专科批,185,153.0,153,207,569621,569415-569621
河南,2024,理科,专科批,185,152.0,152,213,569834,569622-569834
河南,2024,理科,专科批,185,151.0,151,176,570010,569835-570010
河南,2024,理科,专科批,185,150.0,150,190,570200,570011-570200
河南,2024,理科,专科批,185,149.0,149,157,570357,570201-570357
河南,2024,理科,专科批,185,148.0,148,168,570525,570358-570525
河南,2024,理科,专科批,185,147.0,147,148,570673,570526-570673
河南,2024,理科,专科批,185,146.0,146,159,570832,570674-570832
河南,2024,理科,专科批,185,145.0,145,148,570980,570833-570980
河南,2024,理科,专科批,185,144.0,144,134,571114,570981-571114
河南,2024,理科,专科批,185,143.0,143,133,571247,571115-571247
河南,2024,理科,专科批,185,142.0,142,109,571356,571248-571356
河南,2024,理科,专科批,185,141.0,141,110,571466,571357-571466
河南,2024,理科,专科批,185,140.0,140,116,571582,571467-571582
河南,2024,理科,专科批,185,139.0,139,117,571699,571583-571699
河南,2024,理科,专科批,185,138.0,138,104,571803,571700-571803
河南,2024,理科,专科批,185,137.0,137,93,571896,571804-571896
河南,2024,理科,专科批,185,136.0,136,109,572005,571897-572005
河南,2024,理科,专科批,185,135.0,135,99,572104,572006-572104
河南,2024,理科,专科批,185,134.0,134,85,572189,572105-572189
河南,2024,理科,专科批,185,133.0,133,78,572267,572190-572267
河南,2024,理科,专科批,185,132.0,132,74,572341,572268-572341
河南,2024,理科,专科批,185,131.0,131,80,572421,572342-572421
河南,2024,理科,专科批,185,130.0,130,66,572487,572422-572487
河南,2024,理科,专科批,185,129.0,129,65,572552,572488-572552
河南,2024,理科,专科批,185,128.0,128,65,572617,572553-572617
河南,2024,理科,专科批,185,127.0,127,54,572671,572618-572671
河南,2024,理科,专科批,185,126.0,126,46,572717,572672-572717
河南,2024,理科,专科批,185,125.0,125,47,572764,572718-572764
河南,2024,理科,专科批,185,124.0,124,54,572818,572765-572818
河南,2024,理科,专科批,185,123.0,123,51,572869,572819-572869
河南,2024,理科,专科批,185,122.0,122,41,572910,572870-572910
河南,2024,理科,专科批,185,121.0,121,35,572945,572911-572945
河南,2024,理科,专科批,185,120.0,120,53,572998,572946-572998
河南,2024,理科,专科批,185,119.0,119,35,573033,572999-573033
河南,2024,理科,专科批,185,118.0,118,36,573069,573034-573069
河南,2024,理科,专科批,185,117.0,117,34,573103,573070-573103
河南,2024,理科,专科批,185,116.0,116,42,573145,573104-573145
河南,2024,理科,专科批,185,115.0,115,34,573179,573146-573179
河南,2024,理科,专科批,185,114.0,114,26,573205,573180-573205
河南,2024,理科,专科批,185,113.0,113,36,573241,573206-573241
河南,2024,理科,专科批,185,112.0,112,23,573264,573242-573264
河南,2024,理科,专科批,185,111.0,111,28,573292,573265-573292
河南,2024,理科,专科批,185,110.0,110,27,573319,573293-573319
河南,2024,理科,专科批,185,109.0,109,24,573343,573320-573343
河南,2024,理科,专科批,185,108.0,108,20,573363,573344-573363
河南,2024,理科,专科批,185,107.0,107,26,573389,573364-573389
河南,2024,理科,专科批,185,106.0,106,15,573404,573390-573404
河南,2024,理科,专科批,185,105.0,105,23,573427,573405-573427
河南,2024,理科,专科批,185,104.0,104,25,573452,573428-573452
河南,2024,理科,专科批,185,103.0,103,23,573475,573453-573475
河南,2024,理科,专科批,185,102.0,102,14,573489,573476-573489
河南,2024,理科,专科批,185,101.0,101,18,573507,573490-573507
河南,2024,理科,专科批,185,100.0,100,10,573517,573508-573517
河南,2024,文科,本科一批,521,671.0,671-750,12,12,1-12
河南,2024,文科,本科一批,521,670.0,670,0,12,12-12
河南,2024,文科,本科一批,521,669.0,669,0,12,12-12
河南,2024,文科,本科一批,521,668.0,668,1,13,13-13
河南,2024,文科,本科一批,521,667.0,667,2,15,14-15
河南,2024,文科,本科一批,521,666.0,666,2,17,16-17
河南,2024,文科,本科一批,521,665.0,665,1,18,18-18
河南,2024,文科,本科一批,521,664.0,664,1,19,19-19
河南,2024,文科,本科一批,521,663.0,663,3,22,20-22
河南,2024,文科,本科一批,521,662.0,662,3,25,23-25
河南,2024,文科,本科一批,521,661.0,661,3,28,26-28
河南,2024,文科,本科一批,521,660.0,660,0,28,28-28
河南,2024,文科,本科一批,521,659.0,659,5,33,29-33
河南,2024,文科,本科一批,521,658.0,658,3,36,34-36
河南,2024,文科,本科一批,521,657.0,657,5,41,37-41
河南,2024,文科,本科一批,521,656.0,656,3,44,42-44
河南,2024,文科,本科一批,521,655.0,655,5,49,45-49
河南,2024,文科,本科一批,521,654.0,654,10,59,50-59
河南,2024,文科,本科一批,521,653.0,653,9,68,60-68
河南,2024,文科,本科一批,521,652.0,652,8,76,69-76
河南,2024,文科,本科一批,521,651.0,651,7,83,77-83
河南,2024,文科,本科一批,521,650.0,650,8,91,84-91
河南,2024,文科,本科一批,521,649.0,649,5,96,92-96
河南,2024,文科,本科一批,521,648.0,648,5,101,97-101
河南,2024,文科,本科一批,521,647.0,647,11,112,102-112
河南,2024,文科,本科一批,521,646.0,646,9,121,113-121
河南,2024,文科,本科一批,521,645.0,645,9,130,122-130
河南,2024,文科,本科一批,521,644.0,644,12,142,131-142
河南,2024,文科,本科一批,521,643.0,643,9,151,143-151
河南,2024,文科,本科一批,521,642.0,642,19,170,152-170
河南,2024,文科,本科一批,521,641.0,641,18,188,171-188
河南,2024,文科,本科一批,521,640.0,640,20,208,189-208
河南,2024,文科,本科一批,521,639.0,639,13,221,209-221
河南,2024,文科,本科一批,521,638.0,638,12,233,222-233
河南,2024,文科,本科一批,521,637.0,637,13,246,234-246
河南,2024,文科,本科一批,521,636.0,636,14,260,247-260
河南,2024,文科,本科一批,521,635.0,635,25,285,261-285
河南,2024,文科,本科一批,521,634.0,634,17,302,286-302
河南,2024,文科,本科一批,521,633.0,633,19,321,303-321
河南,2024,文科,本科一批,521,632.0,632,19,340,322-340
河南,2024,文科,本科一批,521,631.0,631,20,360,341-360
河南,2024,文科,本科一批,521,630.0,630,28,388,361-388
河南,2024,文科,本科一批,521,629.0,629,22,410,389-410
河南,2024,文科,本科一批,521,628.0,628,18,428,411-428
河南,2024,文科,本科一批,521,627.0,627,27,455,429-455
河南,2024,文科,本科一批,521,626.0,626,27,482,456-482
河南,2024,文科,本科一批,521,625.0,625,18,500,483-500
河南,2024,文科,本科一批,521,624.0,624,39,539,501-539
河南,2024,文科,本科一批,521,623.0,623,32,571,540-571
河南,2024,文科,本科一批,521,622.0,622,43,614,572-614
河南,2024,文科,本科一批,521,621.0,621,38,652,615-652
河南,2024,文科,本科一批,521,620.0,620,38,690,653-690
河南,2024,文科,本科一批,521,619.0,619,52,742,691-742
河南,2024,文科,本科一批,521,618.0,618,46,788,743-788
河南,2024,文科,本科一批,521,617.0,617,51,839,789-839
河南,2024,文科,本科一批,521,616.0,616,48,887,840-887
河南,2024,文科,本科一批,521,615.0,615,29,916,888-916
河南,2024,文科,本科一批,521,614.0,614,58,974,917-974
河南,2024,文科,本科一批,521,613.0,613,64,1038,975-1038
河南,2024,文科,本科一批,521,612.0,612,70,1108,1039-1108
河南,2024,文科,本科一批,521,611.0,611,55,1163,1109-1163
河南,2024,文科,本科一批,521,610.0,610,64,1227,1164-1227
河南,2024,文科,本科一批,521,609.0,609,65,1292,1228-1292
河南,2024,文科,本科一批,521,608.0,608,59,1351,1293-1351
河南,2024,文科,本科一批,521,607.0,607,65,1416,1352-1416
河南,2024,文科,本科一批,521,606.0,606,80,1496,1417-1496
河南,2024,文科,本科一批,521,605.0,605,74,1570,1497-1570
河南,2024,文科,本科一批,521,604.0,604,91,1661,1571-1661
河南,2024,文科,本科一批,521,603.0,603,62,1723,1662-1723
河南,2024,文科,本科一批,521,602.0,602,79,1802,1724-1802
河南,2024,文科,本科一批,521,601.0,601,100,1902,1803-1902
河南,2024,文科,本科一批,521,600.0,600,83,1985,1903-1985
河南,2024,文科,本科一批,521,599.0,599,98,2083,1986-2083
河南,2024,文科,本科一批,521,598.0,598,105,2188,2084-2188
河南,2024,文科,本科一批,521,597.0,597,100,2288,2189-2288
河南,2024,文科,本科一批,521,596.0,596,105,2393,2289-2393
河南,2024,文科,本科一批,521,595.0,595,110,2503,2394-2503
河南,2024,文科,本科一批,521,594.0,594,117,2620,2504-2620
河南,2024,文科,本科一批,521,593.0,593,108,2728,2621-2728
河南,2024,文科,本科一批,521,592.0,592,127,2855,2729-2855
河南,2024,文科,本科一批,521,591.0,591,135,2990,2856-2990
河南,2024,文科,本科一批,521,590.0,590,122,3112,2991-3112
河南,2024,文科,本科一批,521,589.0,589,129,3241,3113-3241
河南,2024,文科,本科一批,521,588.0,588,137,3378,3242-3378
河南,2024,文科,本科一批,521,587.0,587,136,3514,3379-3514
河南,2024,文科,本科一批,521,586.0,586,137,3651,3515-3651
河南,2024,文科,本科一批,521,585.0,585,157,3808,3652-3808
河南,2024,文科,本科一批,521,584.0,584,196,4004,3809-4004
河南,2024,文科,本科一批,521,583.0,583,192,4196,4005-4196
河南,2024,文科,本科一批,521,582.0,582,160,4356,4197-4356
河南,2024,文科,本科一批,521,581.0,581,170,4526,4357-4526
河南,2024,文科,本科一批,521,580.0,580,183,4709,4527-4709
河南,2024,文科,本科一批,521,579.0,579,160,4869,4710-4869
河南,2024,文科,本科一批,521,578.0,578,199,5068,4870-5068
河南,2024,文科,本科一批,521,577.0,577,197,5265,5069-5265
河南,2024,文科,本科一批,521,576.0,576,203,5468,5266-5468
河南,2024,文科,本科一批,521,575.0,575,208,5676,5469-5676
河南,2024,文科,本科一批,521,574.0,574,203,5879,5677-5879
河南,2024,文科,本科一批,521,573.0,573,209,6088,5880-6088
河南,2024,文科,本科一批,521,572.0,572,196,6284,6089-6284
河南,2024,文科,本科一批,521,571.0,571,231,6515,6285-6515
河南,2024,文科,本科一批,521,570.0,570,252,6767,6516-6767
河南,2024,文科,本科一批,521,569.0,569,235,7002,6768-7002
河南,2024,文科,本科一批,521,568.0,568,215,7217,7003-7217
河南,2024,文科,本科一批,521,567.0,567,252,7469,7218-7469
河南,2024,文科,本科一批,521,566.0,566,249,7718,7470-7718
河南,2024,文科,本科一批,521,565.0,565,222,7940,7719-7940
河南,2024,文科,本科一批,521,564.0,564,253,8193,7941-8193
河南,2024,文科,本科一批,521,563.0,563,304,8497,8194-8497
河南,2024,文科,本科一批,521,562.0,562,314,8811,8498-8811
河南,2024,文科,本科一批,521,561.0,561,269,9080,8812-9080
河南,2024,文科,本科一批,521,560.0,560,315,9395,9081-9395
河南,2024,文科,本科一批,521,559.0,559,292,9687,9396-9687
河南,2024,文科,本科一批,521,558.0,558,325,10012,9688-10012
河南,2024,文科,本科一批,521,557.0,557,280,10292,10013-10292
河南,2024,文科,本科一批,521,556.0,556,327,10619,10293-10619
河南,2024,文科,本科一批,521,555.0,555,304,10923,10620-10923
河南,2024,文科,本科一批,521,554.0,554,343,11266,10924-11266
河南,2024,文科,本科一批,521,553.0,553,344,11610,11267-11610
河南,2024,文科,本科一批,521,552.0,552,391,12001,11611-12001
河南,2024,文科,本科一批,521,551.0,551,325,12326,12002-12326
河南,2024,文科,本科一批,521,550.0,550,373,12699,12327-12699
河南,2024,文科,本科一批,521,549.0,549,357,13056,12700-13056
河南,2024,文科,本科一批,521,548.0,548,369,13425,13057-13425
河南,2024,文科,本科一批,521,547.0,547,380,13805,13426-13805
河南,2024,文科,本科一批,521,546.0,546,348,14153,13806-14153
河南,2024,文科,本科一批,521,545.0,545,378,14531,14154-14531
河南,2024,文科,本科一批,521,544.0,544,403,14934,14532-14934
河南,2024,文科,本科一批,521,543.0,543,398,15332,14935-15332
河南,2024,文科,本科一批,521,542.0,542,388,15720,15333-15720
河南,2024,文科,本科一批,521,541.0,541,428,16148,15721-16148
河南,2024,文科,本科一批,521,540.0,540,425,16573,16149-16573
河南,2024,文科,本科一批,521,539.0,539,438,17011,16574-17011
河南,2024,文科,本科一批,521,538.0,538,437,17448,17012-17448
河南,2024,文科,本科一批,521,537.0,537,436,17884,17449-17884
河南,2024,文科,本科一批,521,536.0,536,405,18289,17885-18289
河南,2024,文科,本科一批,521,535.0,535,447,18736,18290-18736
河南,2024,文科,本科一批,521,534.0,534,461,19197,18737-19197
河南,2024,文科,本科一批,521,533.0,533,478,19675,19198-19675
河南,2024,文科,本科一批,521,532.0,532,475,20150,19676-20150
河南,2024,文科,本科一批,521,531.0,531,463,20613,20151-20613
河南,2024,文科,本科一批,521,530.0,530,438,21051,20614-21051
河南,2024,文科,本科一批,521,529.0,529,502,21553,21052-21553
河南,2024,文科,本科一批,521,528.0,528,515,22068,21554-22068
河南,2024,文科,本科一批,521,527.0,527,493,22561,22069-22561
河南,2024,文科,本科一批,521,526.0,526,496,23057,22562-23057
河南,2024,文科,本科一批,521,525.0,525,491,23548,23058-23548
河南,2024,文科,本科一批,521,524.0,524,534,24082,23549-24082
河南,2024,文科,本科一批,521,523.0,523,566,24648,24083-24648
河南,2024,文科,本科一批,521,522.0,522,533,25181,24649-25181
河南,2024,文科,本科一批,521,521.0,521,507,25688,25182-25688
河南,2024,文科,本科二批,428,520.0,520,549,26237,25689-26237
河南,2024,文科,本科二批,428,519.0,519,506,26743,26238-26743
河南,2024,文科,本科二批,428,518.0,518,530,27273,26744-27273
河南,2024,文科,本科二批,428,517.0,517,597,27870,27274-27870
河南,2024,文科,本科二批,428,516.0,516,573,28443,27871-28443
河南,2024,文科,本科二批,428,515.0,515,570,29013,28444-29013
河南,2024,文科,本科二批,428,514.0,514,590,29603,29014-29603
河南,2024,文科,本科二批,428,513.0,513,557,30160,29604-30160
河南,2024,文科,本科二批,428,512.0,512,566,30726,30161-30726
河南,2024,文科,本科二批,428,511.0,511,606,31332,30727-31332
河南,2024,文科,本科二批,428,510.0,510,604,31936,31333-31936
河南,2024,文科,本科二批,428,509.0,509,615,32551,31937-32551
河南,2024,文科,本科二批,428,508.0,508,632,33183,32552-33183
河南,2024,文科,本科二批,428,507.0,507,604,33787,33184-33787
河南,2024,文科,本科二批,428,506.0,506,661,34448,33788-34448
河南,2024,文科,本科二批,428,505.0,505,659,35107,34449-35107
河南,2024,文科,本科二批,428,504.0,504,636,35743,35108-35743
河南,2024,文科,本科二批,428,503.0,503,618,36361,35744-36361
河南,2024,文科,本科二批,428,502.0,502,657,37018,36362-37018
河南,2024,文科,本科二批,428,501.0,501,656,37674,37019-37674
河南,2024,文科,本科二批,428,500.0,500,691,38365,37675-38365
河南,2024,文科,本科二批,428,499.0,499,633,38998,38366-38998
河南,2024,文科,本科二批,428,498.0,498,682,39680,38999-39680
河南,2024,文科,本科二批,428,497.0,497,687,40367,39681-40367
河南,2024,文科,本科二批,428,496.0,496,680,41047,40368-41047
河南,2024,文科,本科二批,428,495.0,495,655,41702,41048-41702
河南,2024,文科,本科二批,428,494.0,494,657,42359,41703-42359
河南,2024,文科,本科二批,428,493.0,493,689,43048,42360-43048
河南,2024,文科,本科二批,428,492.0,492,685,43733,43049-43733
河南,2024,文科,本科二批,428,491.0,491,692,44425,43734-44425
河南,2024,文科,本科二批,428,490.0,490,759,45184,44426-45184
河南,2024,文科,本科二批,428,489.0,489,740,45924,45185-45924
河南,2024,文科,本科二批,428,488.0,488,724,46648,45925-46648
河南,2024,文科,本科二批,428,487.0,487,746,47394,46649-47394
河南,2024,文科,本科二批,428,486.0,486,759,48153,47395-48153
河南,2024,文科,本科二批,428,485.0,485,708,48861,48154-48861
河南,2024,文科,本科二批,428,484.0,484,725,49586,48862-49586
河南,2024,文科,本科二批,428,483.0,483,729,50315,49587-50315
河南,2024,文科,本科二批,428,482.0,482,724,51039,50316-51039
河南,2024,文科,本科二批,428,481.0,481,792,51831,51040-51831
河南,2024,文科,本科二批,428,480.0,480,767,52598,51832-52598
河南,2024,文科,本科二批,428,479.0,479,731,53329,52599-53329
河南,2024,文科,本科二批,428,478.0,478,765,54094,53330-54094
河南,2024,文科,本科二批,428,477.0,477,821,54915,54095-54915
河南,2024,文科,本科二批,428,476.0,476,768,55683,54916-55683
河南,2024,文科,本科二批,428,475.0,475,819,56502,55684-56502
河南,2024,文科,本科二批,428,474.0,474,811,57313,56503-57313
河南,2024,文科,本科二批,428,473.0,473,761,58074,57314-58074
河南,2024,文科,本科二批,428,472.0,472,840,58914,58075-58914
河南,2024,文科,本科二批,428,471.0,471,815,59729,58915-59729
河南,2024,文科,本科二批,428,470.0,470,796,60525,59730-60525
河南,2024,文科,本科二批,428,469.0,469,856,61381,60526-61381
河南,2024,文科,本科二批,428,468.0,468,813,62194,61382-62194
河南,2024,文科,本科二批,428,467.0,467,822,63016,62195-63016
河南,2024,文科,本科二批,428,466.0,466,823,63839,63017-63839
河南,2024,文科,本科二批,428,465.0,465,869,64708,63840-64708
河南,2024,文科,本科二批,428,464.0,464,823,65531,64709-65531
河南,2024,文科,本科二批,428,463.0,463,858,66389,65532-66389
河南,2024,文科,本科二批,428,462.0,462,823,67212,66390-67212
河南,2024,文科,本科二批,428,461.0,461,883,68095,67213-68095
河南,2024,文科,本科二批,428,460.0,460,810,68905,68096-68905
河南,2024,文科,本科二批,428,459.0,459,833,69738,68906-69738
河南,2024,文科,本科二批,428,458.0,458,856,70594,69739-70594
河南,2024,文科,本科二批,428,457.0,457,866,71460,70595-71460
河南,2024,文科,本科二批,428,456.0,456,870,72330,71461-72330
河南,2024,文科,本科二批,428,455.0,455,858,73188,72331-73188
河南,2024,文科,本科二批,428,454.0,454,851,74039,73189-74039
河南,2024,文科,本科二批,428,453.0,453,841,74880,74040-74880
河南,2024,文科,本科二批,428,452.0,452,869,75749,74881-75749
河南,2024,文科,本科二批,428,451.0,451,906,76655,75750-76655
河南,2024,文科,本科二批,428,450.0,450,807,77462,76656-77462
河南,2024,文科,本科二批,428,449.0,449,855,78317,77463-78317
河南,2024,文科,本科二批,428,448.0,448,914,79231,78318-79231
河南,2024,文科,本科二批,428,447.0,447,887,80118,79232-80118
河南,2024,文科,本科二批,428,446.0,446,827,80945,80119-80945
河南,2024,文科,本科二批,428,445.0,445,856,81801,80946-81801
河南,2024,文科,本科二批,428,444.0,444,883,82684,81802-82684
河南,2024,文科,本科二批,428,443.0,443,893,83577,82685-83577
河南,2024,文科,本科二批,428,442.0,442,899,84476,83578-84476
河南,2024,文科,本科二批,428,441.0,441,946,85422,84477-85422
河南,2024,文科,本科二批,428,440.0,440,947,86369,85423-86369
河南,2024,文科,本科二批,428,439.0,439,910,87279,86370-87279
河南,2024,文科,本科二批,428,438.0,438,892,88171,87280-88171
河南,2024,文科,本科二批,428,437.0,437,915,89086,88172-89086
河南,2024,文科,本科二批,428,436.0,436,898,89984,89087-89984
河南,2024,文科,本科二批,428,435.0,435,966,90950,89985-90950
河南,2024,文科,本科二批,428,434.0,434,985,91935,90951-91935
河南,2024,文科,本科二批,428,433.0,433,909,92844,91936-92844
河南,2024,文科,本科二批,428,432.0,432,939,93783,92845-93783
河南,2024,文科,本科二批,428,431.0,431,973,94756,93784-94756
河南,2024,文科,本科二批,428,430.0,430,960,95716,94757-95716
河南,2024,文科,本科二批,428,429.0,429,986,96702,95717-96702
河南,2024,文科,本科二批,428,428.0,428,930,97632,96703-97632
河南,2024,文科,专科批,185,427.0,427,904,98536,97633-98536
河南,2024,文科,专科批,185,426.0,426,966,99502,98537-99502
河南,2024,文科,专科批,185,425.0,425,978,100480,99503-100480
河南,2024,文科,专科批,185,424.0,424,963,101443,100481-101443
河南,2024,文科,专科批,185,423.0,423,918,102361,101444-102361
河南,2024,文科,专科批,185,422.0,422,918,103279,102362-103279
河南,2024,文科,专科批,185,421.0,421,935,104214,103280-104214
河南,2024,文科,专科批,185,420.0,420,958,105172,104215-105172
河南,2024,文科,专科批,185,419.0,419,965,106137,105173-106137
河南,2024,文科,专科批,185,418.0,418,1008,107145,106138-107145
河南,2024,文科,专科批,185,417.0,417,995,108140,107146-108140
河南,2024,文科,专科批,185,416.0,416,960,109100,108141-109100
河南,2024,文科,专科批,185,415.0,415,964,110064,109101-110064
河南,2024,文科,专科批,185,414.0,414,968,111032,110065-111032
河南,2024,文科,专科批,185,413.0,413,986,112018,111033-112018
河南,2024,文科,专科批,185,412.0,412,992,113010,112019-113010
河南,2024,文科,专科批,185,411.0,411,981,113991,113011-113991
河南,2024,文科,专科批,185,410.0,410,1071,115062,113992-115062
河南,2024,文科,专科批,185,409.0,409,1011,116073,115063-116073
河南,2024,文科,专科批,185,408.0,408,988,117061,116074-117061
河南,2024,文科,专科批,185,407.0,407,1019,118080,117062-118080
河南,2024,文科,专科批,185,406.0,406,1050,119130,118081-119130
河南,2024,文科,专科批,185,405.0,405,1041,120171,119131-120171
河南,2024,文科,专科批,185,404.0,404,1050,121221,120172-121221
河南,2024,文科,专科批,185,403.0,403,1096,122317,121222-122317
河南,2024,文科,专科批,185,402.0,402,1038,123355,122318-123355
河南,2024,文科,专科批,185,401.0,401,1068,124423,123356-124423
河南,2024,文科,专科批,185,400.0,400,1047,125470,124424-125470
河南,2024,文科,专科批,185,399.0,399,1072,126542,125471-126542
河南,2024,文科,专科批,185,398.0,398,1053,127595,126543-127595
河南,2024,文科,专科批,185,397.0,397,1106,128701,127596-128701
河南,2024,文科,专科批,185,396.0,396,1033,129734,128702-129734
河南,2024,文科,专科批,185,395.0,395,991,130725,129735-130725
河南,2024,文科,专科批,185,394.0,394,1110,131835,130726-131835
河南,2024,文科,专科批,185,393.0,393,1074,132909,131836-132909
河南,2024,文科,专科批,185,392.0,392,1012,133921,132910-133921
河南,2024,文科,专科批,185,391.0,391,1114,135035,133922-135035
河南,2024,文科,专科批,185,390.0,390,1108,136143,135036-136143
河南,2024,文科,专科批,185,389.0,389,1046,137189,136144-137189
河南,2024,文科,专科批,185,388.0,388,1076,138265,137190-138265
河南,2024,文科,专科批,185,387.0,387,1098,139363,138266-139363
河南,2024,文科,专科批,185,386.0,386,1117,140480,139364-140480
河南,2024,文科,专科批,185,385.0,385,1079,141559,140481-141559
河南,2024,文科,专科批,185,384.0,384,1129,142688,141560-142688
河南,2024,文科,专科批,185,383.0,383,1127,143815,142689-143815
河南,2024,文科,专科批,185,382.0,382,1131,144946,143816-144946
河南,2024,文科,专科批,185,381.0,381,1138,146084,144947-146084
河南,2024,文科,专科批,185,380.0,380,1146,147230,146085-147230
河南,2024,文科,专科批,185,379.0,379,1117,148347,147231-148347
河南,2024,文科,专科批,185,378.0,378,1121,149468,148348-149468
河南,2024,文科,专科批,185,377.0,377,1117,150585,149469-150585
河南,2024,文科,专科批,185,376.0,376,1079,151664,150586-151664
河南,2024,文科,专科批,185,375.0,375,1094,152758,151665-152758
河南,2024,文科,专科批,185,374.0,374,1136,153894,152759-153894
河南,2024,文科,专科批,185,373.0,373,1161,155055,153895-155055
河南,2024,文科,专科批,185,372.0,372,1110,156165,155056-156165
河南,2024,文科,专科批,185,371.0,371,1111,157276,156166-157276
河南,2024,文科,专科批,185,370.0,370,1169,158445,157277-158445
河南,2024,文科,专科批,185,369.0,369,1130,159575,158446-159575
河南,2024,文科,专科批,185,368.0,368,1162,160737,159576-160737
河南,2024,文科,专科批,185,367.0,367,1192,161929,160738-161929
河南,2024,文科,专科批,185,366.0,366,1171,163100,161930-163100
河南,2024,文科,专科批,185,365.0,365,1257,164357,163101-164357
河南,2024,文科,专科批,185,364.0,364,1120,165477,164358-165477
河南,2024,文科,专科批,185,363.0,363,1219,166696,165478-166696
河南,2024,文科,专科批,185,362.0,362,1188,167884,166697-167884
河南,2024,文科,专科批,185,361.0,361,1206,169090,167885-169090
河南,2024,文科,专科批,185,360.0,360,1188,170278,169091-170278
河南,2024,文科,专科批,185,359.0,359,1197,171475,170279-171475
河南,2024,文科,专科批,185,358.0,358,1178,172653,171476-172653
河南,2024,文科,专科批,185,357.0,357,1181,173834,172654-173834
河南,2024,文科,专科批,185,356.0,356,1263,175097,173835-175097
河南,2024,文科,专科批,185,355.0,355,1260,176357,175098-176357
河南,2024,文科,专科批,185,354.0,354,1227,177584,176358-177584
河南,2024,文科,专科批,185,353.0,353,1190,178774,177585-178774
河南,2024,文科,专科批,185,352.0,352,1168,179942,178775-179942
河南,2024,文科,专科批,185,351.0,351,1162,181104,179943-181104
河南,2024,文科,专科批,185,350.0,350,1153,182257,181105-182257
河南,2024,文科,专科批,185,349.0,349,1211,183468,182258-183468
河南,2024,文科,专科批,185,348.0,348,1166,184634,183469-184634
河南,2024,文科,专科批,185,347.0,347,1306,185940,184635-185940
河南,2024,文科,专科批,185,346.0,346,1200,187140,185941-187140
河南,2024,文科,专科批,185,345.0,345,1323,188463,187141-188463
河南,2024,文科,专科批,185,344.0,344,1236,189699,188464-189699
河南,2024,文科,专科批,185,343.0,343,1198,190897,189700-190897
河南,2024,文科,专科批,185,342.0,342,1211,192108,190898-192108
河南,2024,文科,专科批,185,341.0,341,1223,193331,192109-193331
河南,2024,文科,专科批,185,340.0,340,1227,194558,193332-194558
河南,2024,文科,专科批,185,339.0,339,1217,195775,194559-195775
河南,2024,文科,专科批,185,338.0,338,1252,197027,195776-197027
河南,2024,文科,专科批,185,337.0,337,1214,198241,197028-198241
河南,2024,文科,专科批,185,336.0,336,1239,199480,198242-199480
河南,2024,文科,专科批,185,335.0,335,1237,200717,199481-200717
河南,2024,文科,专科批,185,334.0,334,1285,202002,200718-202002
河南,2024,文科,专科批,185,333.0,333,1232,203234,202003-203234
河南,2024,文科,专科批,185,332.0,332,1252,204486,203235-204486
河南,2024,文科,专科批,185,331.0,331,1227,205713,204487-205713
河南,2024,文科,专科批,185,330.0,330,1244,206957,205714-206957
河南,2024,文科,专科批,185,329.0,329,1254,208211,206958-208211
河南,2024,文科,专科批,185,328.0,328,1192,209403,208212-209403
河南,2024,文科,专科批,185,327.0,327,1189,210592,209404-210592
河南,2024,文科,专科批,185,326.0,326,1168,211760,210593-211760
河南,2024,文科,专科批,185,325.0,325,1280,213040,211761-213040
河南,2024,文科,专科批,185,324.0,324,1311,214351,213041-214351
河南,2024,文科,专科批,185,323.0,323,1272,215623,214352-215623
河南,2024,文科,专科批,185,322.0,322,1255,216878,215624-216878
河南,2024,文科,专科批,185,321.0,321,1296,218174,216879-218174
河南,2024,文科,专科批,185,320.0,320,1278,219452,218175-219452
河南,2024,文科,专科批,185,319.0,319,1266,220718,219453-220718
河南,2024,文科,专科批,185,318.0,318,1274,221992,220719-221992
河南,2024,文科,专科批,185,317.0,317,1295,223287,221993-223287
河南,2024,文科,专科批,185,316.0,316,1236,224523,223288-224523
河南,2024,文科,专科批,185,315.0,315,1292,225815,224524-225815
河南,2024,文科,专科批,185,314.0,314,1265,227080,225816-227080
河南,2024,文科,专科批,185,313.0,313,1299,228379,227081-228379
河南,2024,文科,专科批,185,312.0,312,1248,229627,228380-229627
河南,2024,文科,专科批,185,311.0,311,1293,230920,229628-230920
河南,2024,文科,专科批,185,310.0,310,1289,232209,230921-232209
河南,2024,文科,专科批,185,309.0,309,1289,233498,232210-233498
河南,2024,文科,专科批,185,308.0,308,1258,234756,233499-234756
河南,2024,文科,专科批,185,307.0,307,1264,236020,234757-236020
河南,2024,文科,专科批,185,306.0,306,1307,237327,236021-237327
河南,2024,文科,专科批,185,305.0,305,1300,238627,237328-238627
河南,2024,文科,专科批,185,304.0,304,1287,239914,238628-239914
河南,2024,文科,专科批,185,303.0,303,1290,241204,239915-241204
河南,2024,文科,专科批,185,302.0,302,1257,242461,241205-242461
河南,2024,文科,专科批,185,301.0,301,1288,243749,242462-243749
河南,2024,文科,专科批,185,300.0,300,1227,244976,243750-244976
河南,2024,文科,专科批,185,299.0,299,1226,246202,244977-246202
河南,2024,文科,专科批,185,298.0,298,1236,247438,246203-247438
河南,2024,文科,专科批,185,297.0,297,1192,248630,247439-248630
河南,2024,文科,专科批,185,296.0,296,1256,249886,248631-249886
河南,2024,文科,专科批,185,295.0,295,1234,251120,249887-251120
河南,2024,文科,专科批,185,294.0,294,1248,252368,251121-252368
河南,2024,文科,专科批,185,293.0,293,1272,253640,252369-253640
河南,2024,文科,专科批,185,292.0,292,1271,254911,253641-254911
河南,2024,文科,专科批,185,291.0,291,1181,256092,254912-256092
河南,2024,文科,专科批,185,290.0,290,1266,257358,256093-257358
河南,2024,文科,专科批,185,289.0,289,1213,258571,257359-258571
河南,2024,文科,专科批,185,288.0,288,1267,259838,258572-259838
河南,2024,文科,专科批,185,287.0,287,1209,261047,259839-261047
河南,2024,文科,专科批,185,286.0,286,1208,262255,261048-262255
河南,2024,文科,专科批,185,285.0,285,1242,263497,262256-263497
河南,2024,文科,专科批,185,284.0,284,1241,264738,263498-264738
河南,2024,文科,专科批,185,283.0,283,1197,265935,264739-265935
河南,2024,文科,专科批,185,282.0,282,1182,267117,265936-267117
河南,2024,文科,专科批,185,281.0,281,1192,268309,267118-268309
河南,2024,文科,专科批,185,280.0,280,1242,269551,268310-269551
河南,2024,文科,专科批,185,279.0,279,1269,270820,269552-270820
河南,2024,文科,专科批,185,278.0,278,1181,272001,270821-272001
河南,2024,文科,专科批,185,277.0,277,1233,273234,272002-273234
河南,2024,文科,专科批,185,276.0,276,1205,274439,273235-274439
河南,2024,文科,专科批,185,275.0,275,1189,275628,274440-275628
河南,2024,文科,专科批,185,274.0,274,1200,276828,275629-276828
河南,2024,文科,专科批,185,273.0,273,1180,278008,276829-278008
河南,2024,文科,专科批,185,272.0,272,1154,279162,278009-279162
河南,2024,文科,专科批,185,271.0,271,1211,280373,279163-280373
河南,2024,文科,专科批,185,270.0,270,1155,281528,280374-281528
河南,2024,文科,专科批,185,269.0,269,1130,282658,281529-282658
河南,2024,文科,专科批,185,268.0,268,1185,283843,282659-283843
河南,2024,文科,专科批,185,267.0,267,1154,284997,283844-284997
河南,2024,文科,专科批,185,266.0,266,1106,286103,284998-286103
河南,2024,文科,专科批,185,265.0,265,1107,287210,286104-287210
河南,2024,文科,专科批,185,264.0,264,1138,288348,287211-288348
河南,2024,文科,专科批,185,263.0,263,1143,289491,288349-289491
河南,2024,文科,专科批,185,262.0,262,1104,290595,289492-290595
河南,2024,文科,专科批,185,261.0,261,1127,291722,290596-291722
河南,2024,文科,专科批,185,260.0,260,1174,292896,291723-292896
河南,2024,文科,专科批,185,259.0,259,1141,294037,292897-294037
河南,2024,文科,专科批,185,258.0,258,1100,295137,294038-295137
河南,2024,文科,专科批,185,257.0,257,1118,296255,295138-296255
河南,2024,文科,专科批,185,256.0,256,1063,297318,296256-297318
河南,2024,文科,专科批,185,255.0,255,1052,298370,297319-298370
河南,2024,文科,专科批,185,254.0,254,1093,299463,298371-299463
河南,2024,文科,专科批,185,253.0,253,1032,300495,299464-300495
河南,2024,文科,专科批,185,252.0,252,1064,301559,300496-301559
河南,2024,文科,专科批,185,251.0,251,1063,302622,301560-302622
河南,2024,文科,专科批,185,250.0,250,1030,303652,302623-303652
河南,2024,文科,专科批,185,249.0,249,999,304651,303653-304651
河南,2024,文科,专科批,185,248.0,248,1025,305676,304652-305676
河南,2024,文科,专科批,185,247.0,247,1091,306767,305677-306767
河南,2024,文科,专科批,185,246.0,246,1028,307795,306768-307795
河南,2024,文科,专科批,185,245.0,245,990,308785,307796-308785
河南,2024,文科,专科批,185,244.0,244,911,309696,308786-309696
河南,2024,文科,专科批,185,243.0,243,985,310681,309697-310681
河南,2024,文科,专科批,185,242.0,242,933,311614,310682-311614
河南,2024,文科,专科批,185,241.0,241,953,312567,311615-312567
河南,2024,文科,专科批,185,240.0,240,964,313531,312568-313531
河南,2024,文科,专科批,185,239.0,239,985,314516,313532-314516
河南,2024,文科,专科批,185,238.0,238,906,315422,314517-315422
河南,2024,文科,专科批,185,237.0,237,950,316372,315423-316372
河南,2024,文科,专科批,185,236.0,236,921,317293,316373-317293
河南,2024,文科,专科批,185,235.0,235,887,318180,317294-318180
河南,2024,文科,专科批,185,234.0,234,942,319122,318181-319122
河南,2024,文科,专科批,185,233.0,233,867,319989,319123-319989
河南,2024,文科,专科批,185,232.0,232,882,320871,319990-320871
河南,2024,文科,专科批,185,231.0,231,854,321725,320872-321725
河南,2024,文科,专科批,185,230.0,230,865,322590,321726-322590
河南,2024,文科,专科批,185,229.0,229,892,323482,322591-323482
河南,2024,文科,专科批,185,228.0,228,864,324346,323483-324346
河南,2024,文科,专科批,185,227.0,227,811,325157,324347-325157
河南,2024,文科,专科批,185,226.0,226,840,325997,325158-325997
河南,2024,文科,专科批,185,225.0,225,844,326841,325998-326841
河南,2024,文科,专科批,185,224.0,224,774,327615,326842-327615
河南,2024,文科,专科批,185,223.0,223,808,328423,327616-328423
河南,2024,文科,专科批,185,222.0,222,755,329178,328424-329178
河南,2024,文科,专科批,185,221.0,221,801,329979,329179-329979
河南,2024,文科,专科批,185,220.0,220,759,330738,329980-330738
河南,2024,文科,专科批,185,219.0,219,732,331470,330739-331470
河南,2024,文科,专科批,185,218.0,218,722,332192,331471-332192
河南,2024,文科,专科批,185,217.0,217,683,332875,332193-332875
河南,2024,文科,专科批,185,216.0,216,704,333579,332876-333579
河南,2024,文科,专科批,185,215.0,215,675,334254,333580-334254
河南,2024,文科,专科批,185,214.0,214,636,334890,334255-334890
河南,2024,文科,专科批,185,213.0,213,663,335553,334891-335553
河南,2024,文科,专科批,185,212.0,212,705,336258,335554-336258
河南,2024,文科,专科批,185,211.0,211,653,336911,336259-336911
河南,2024,文科,专科批,185,210.0,210,640,337551,336912-337551
河南,2024,文科,专科批,185,209.0,209,644,338195,337552-338195
河南,2024,文科,专科批,185,208.0,208,587,338782,338196-338782
河南,2024,文科,专科批,185,207.0,207,640,339422,338783-339422
河南,2024,文科,专科批,185,206.0,206,585,340007,339423-340007
河南,2024,文科,专科批,185,205.0,205,552,340559,340008-340559
河南,2024,文科,专科批,185,204.0,204,584,341143,340560-341143
河南,2024,文科,专科批,185,203.0,203,548,341691,341144-341691
河南,2024,文科,专科批,185,202.0,202,558,342249,341692-342249
河南,2024,文科,专科批,185,201.0,201,561,342810,342250-342810
河南,2024,文科,专科批,185,200.0,200,498,343308,342811-343308
河南,2024,文科,专科批,185,199.0,199,540,343848,343309-343848
河南,2024,文科,专科批,185,198.0,198,497,344345,343849-344345
河南,2024,文科,专科批,185,197.0,197,461,344806,344346-344806
河南,2024,文科,专科批,185,196.0,196,497,345303,344807-345303
河南,2024,文科,专科批,185,195.0,195,504,345807,345304-345807
河南,2024,文科,专科批,185,194.0,194,420,346227,345808-346227
河南,2024,文科,专科批,185,193.0,193,434,346661,346228-346661
河南,2024,文科,专科批,185,192.0,192,430,347091,346662-347091
河南,2024,文科,专科批,185,191.0,191,405,347496,347092-347496
河南,2024,文科,专科批,185,190.0,190,390,347886,347497-347886
河南,2024,文科,专科批,185,189.0,189,416,348302,347887-348302
河南,2024,文科,专科批,185,188.0,188,412,348714,348303-348714
河南,2024,文科,专科批,185,187.0,187,385,349099,348715-349099
河南,2024,文科,专科批,185,186.0,186,392,349491,349100-349491
河南,2024,文科,专科批,185,185.0,185,368,349859,349492-349859
河南,2024,文科,专科批,185,184.0,184,341,350200,349860-350200
河南,2024,文科,专科批,185,183.0,183,342,350542,350201-350542
河南,2024,文科,专科批,185,182.0,182,322,350864,350543-350864
河南,2024,文科,专科批,185,181.0,181,294,351158,350865-351158
河南,2024,文科,专科批,185,180.0,180,274,351432,351159-351432
河南,2024,文科,专科批,185,179.0,179,284,351716,351433-351716
河南,2024,文科,专科批,185,178.0,178,296,352012,351717-352012
河南,2024,文科,专科批,185,177.0,177,293,352305,352013-352305
河南,2024,文科,专科批,185,176.0,176,235,352540,352306-352540
河南,2024,文科,专科批,185,175.0,175,249,352789,352541-352789
河南,2024,文科,专科批,185,174.0,174,231,353020,352790-353020
河南,2024,文科,专科批,185,173.0,173,262,353282,353021-353282
河南,2024,文科,专科批,185,172.0,172,219,353501,353283-353501
河南,2024,文科,专科批,185,171.0,171,196,353697,353502-353697
河南,2024,文科,专科批,185,170.0,170,174,353871,353698-353871
河南,2024,文科,专科批,185,169.0,169,223,354094,353872-354094
河南,2024,文科,专科批,185,168.0,168,216,354310,354095-354310
河南,2024,文科,专科批,185,167.0,167,173,354483,354311-354483
河南,2024,文科,专科批,185,166.0,166,177,354660,354484-354660
河南,2024,文科,专科批,185,165.0,165,175,354835,354661-354835
河南,2024,文科,专科批,185,164.0,164,159,354994,354836-354994
河南,2024,文科,专科批,185,163.0,163,173,355167,354995-355167
河南,2024,文科,专科批,185,162.0,162,170,355337,355168-355337
河南,2024,文科,专科批,185,161.0,161,182,355519,355338-355519
河南,2024,文科,专科批,185,160.0,160,164,355683,355520-355683
河南,2024,文科,专科批,185,159.0,159,156,355839,355684-355839
河南,2024,文科,专科批,185,158.0,158,144,355983,355840-355983
河南,2024,文科,专科批,185,157.0,157,129,356112,355984-356112
河南,2024,文科,专科批,185,156.0,156,124,356236,356113-356236
河南,2024,文科,专科批,185,155.0,155,118,356354,356237-356354
河南,2024,文科,专科批,185,154.0,154,113,356467,356355-356467
河南,2024,文科,专科批,185,153.0,153,101,356568,356468-356568
河南,2024,文科,专科批,185,152.0,152,91,356659,356569-356659
河南,2024,文科,专科批,185,151.0,151,104,356763,356660-356763
河南,2024,文科,专科批,185,150.0,150,93,356856,356764-356856
河南,2024,文科,专科批,185,149.0,149,114,356970,356857-356970
河南,2024,文科,专科批,185,148.0,148,73,357043,356971-357043
河南,2024,文科,专科批,185,147.0,147,79,357122,357044-357122
河南,2024,文科,专科批,185,146.0,146,79,357201,357123-357201
河南,2024,文科,专科批,185,145.0,145,89,357290,357202-357290
河南,2024,文科,专科批,185,144.0,144,84,357374,357291-357374
河南,2024,文科,专科批,185,143.0,143,73,357447,357375-357447
河南,2024,文科,专科批,185,142.0,142,56,357503,357448-357503
河南,2024,文科,专科批,185,141.0,141,64,357567,357504-357567
河南,2024,文科,专科批,185,140.0,140,64,357631,357568-357631
河南,2024,文科,专科批,185,139.0,139,54,357685,357632-357685
河南,2024,文科,专科批,185,138.0,138,68,357753,357686-357753
河南,2024,文科,专科批,185,137.0,137,48,357801,357754-357801
河南,2024,文科,专科批,185,136.0,136,62,357863,357802-357863
河南,2024,文科,专科批,185,135.0,135,60,357923,357864-357923
河南,2024,文科,专科批,185,134.0,134,50,357973,357924-357973
河南,2024,文科,专科批,185,133.0,133,42,358015,357974-358015
河南,2024,文科,专科批,185,132.0,132,48,358063,358016-358063
河南,2024,文科,专科批,185,131.0,131,44,358107,358064-358107
河南,2024,文科,专科批,185,130.0,130,43,358150,358108-358150
河南,2024,文科,专科批,185,129.0,129,30,358180,358151-358180
河南,2024,文科,专科批,185,128.0,128,51,358231,358181-358231
河南,2024,文科,专科批,185,127.0,127,31,358262,358232-358262
河南,2024,文科,专科批,185,126.0,126,33,358295,358263-358295
河南,2024,文科,专科批,185,125.0,125,36,358331,358296-358331
河南,2024,文科,专科批,185,124.0,124,30,358361,358332-358361
河南,2024,文科,专科批,185,123.0,123,25,358386,358362-358386
河南,2024,文科,专科批,185,122.0,122,34,358420,358387-358420
河南,2024,文科,专科批,185,121.0,121,30,358450,358421-358450
河南,2024,文科,专科批,185,120.0,120,32,358482,358451-358482
河南,2024,文科,专科批,185,119.0,119,26,358508,358483-358508
河南,2024,文科,专科批,185,118.0,118,36,358544,358509-358544
河南,2024,文科,专科批,185,117.0,117,27,358571,358545-358571
河南,2024,文科,专科批,185,116.0,116,34,358605,358572-358605
河南,2024,文科,专科批,185,115.0,115,32,358637,358606-358637
河南,2024,文科,专科批,185,114.0,114,30,358667,358638-358667
河南,2024,文科,专科批,185,113.0,113,18,358685,358668-358685
河南,2024,文科,专科批,185,112.0,112,20,358705,358686-358705
河南,2024,文科,专科批,185,111.0,111,27,358732,358706-358732
河南,2024,文科,专科批,185,110.0,110,26,358758,358733-358758
河南,2024,文科,专科批,185,109.0,109,24,358782,358759-358782
河南,2024,文科,专科批,185,108.0,108,19,358801,358783-358801
河南,2024,文科,专科批,185,107.0,107,24,358825,358802-358825
河南,2024,文科,专科批,185,106.0,106,22,358847,358826-358847
河南,2024,文科,专科批,185,105.0,105,16,358863,358848-358863
河南,2024,文科,专科批,185,104.0,104,26,358889,358864-358889
河南,2024,文科,专科批,185,103.0,103,12,358901,358890-358901
河南,2024,文科,专科批,185,102.0,102,24,358925,358902-358925
河南,2024,文科,专科批,185,101.0,101,16,358941,358926-358941
河南,2024,文科,专科批,185,100.0,100,21,358962,358942-358962
